RelativeTime,PacketsSent,PacketsReceived,BytesSent,BytesReceived,IPSrc0,IPDst0,Protocol0,PacketsSent0,PacketsReceived0,BytesSent0,BytesReceived0,IPSrc1,IPDst1,Protocol1,PacketsSent1,PacketsReceived1,BytesSent1,BytesReceived1,IPSrc2,IPDst2,Protocol2,PacketsSent2,PacketsReceived2,BytesSent2,BytesReceived2,IPSrc3,IPDst3,Protocol3,PacketsSent3,PacketsReceived3,BytesSent3,BytesReceived3,IPSrc4,IPDst4,Protocol4,PacketsSent4,PacketsReceived4,BytesSent4,BytesReceived4,IPSrc5,IPDst5,Protocol5,PacketsSent5,PacketsReceived5,BytesSent5,BytesReceived5,IPSrc6,IPDst6,Protocol6,PacketsSent6,PacketsReceived6,BytesSent6,BytesReceived6,IPSrc7,IPDst7,Protocol7,PacketsSent7,PacketsReceived7,BytesSent7,BytesReceived7,IPSrc8,IPDst8,Protocol8,PacketsSent8,PacketsReceived8,BytesSent8,BytesReceived8,IPSrc9,IPDst9,Protocol9,PacketsSent9,PacketsReceived9,BytesSent9,BytesReceived9,IPSrc10,IPDst10,Protocol10,PacketsSent10,PacketsReceived10,BytesSent10,BytesReceived10,IPSrc11,IPDst11,Protocol11,PacketsSent11,PacketsReceived11,BytesSent11,BytesReceived11,IPSrc12,IPDst12,Protocol12,PacketsSent12,PacketsReceived12,BytesSent12,BytesReceived12,IPSrc13,IPDst13,Protocol13,PacketsSent13,PacketsReceived13,BytesSent13,BytesReceived13,IPSrc14,IPDst14,Protocol14,PacketsSent14,PacketsReceived14,BytesSent14,BytesReceived14,IPSrc15,IPDst15,Protocol15,PacketsSent15,PacketsReceived15,BytesSent15,BytesReceived15,IPSrc16,IPDst16,Protocol16,PacketsSent16,PacketsReceived16,BytesSent16,BytesReceived16,IPSrc17,IPDst17,Protocol17,PacketsSent17,PacketsReceived17,BytesSent17,BytesReceived17,IPSrc18,IPDst18,Protocol18,PacketsSent18,PacketsReceived18,BytesSent18,BytesReceived18,IPSrc19,IPDst19,Protocol19,PacketsSent19,PacketsReceived19,BytesSent19,BytesReceived19,IPSrc20,IPDst20,Protocol20,PacketsSent20,PacketsReceived20,BytesSent20,BytesReceived20,IPSrc21,IPDst21,Protocol21,PacketsSent21,PacketsReceived21,BytesSent21,BytesReceived21,IPSrc22,IPDst22,Protocol22,PacketsSent22,PacketsReceived22,BytesSent22,BytesReceived22,IPSrc23,IPDst23,Protocol23,PacketsSent23,PacketsReceived23,BytesSent23,BytesReceived23,IPSrc24,IPDst24,Protocol24,PacketsSent24,PacketsReceived24,BytesSent24,BytesReceived24,IPSrc25,IPDst25,Protocol25,PacketsSent25,PacketsReceived25,BytesSent25,BytesReceived25,Buffering,Paused,Playing,CollectData,EpochTime,StartTime,PlaybackProgress,Length,BufferHealth,BufferProgress,BufferValid,KBytesReceived,label,label_num,KBytesReceived_log,PacketsSent_log,PacketsReceived_log,BytesSent_log,BytesReceived_log,BufferProgress_log
4.000000000000002,6,31,1668,36199, 192.168.1.15,74.125.0.41,QUIC,2,26,142,35887, 192.168.1.15,172.217.12.131,0,0,0,0,0, 192.168.1.15,172.217.6.238,QUIC,4,3,1526,228, 192.168.1.15,172.217.10.99,0,0,0,0,0, 192.168.1.15,172.217.6.206,0,0,0,0,0, 192.168.1.15,172.217.7.13,0,0,0,0,0, 192.168.1.15,216.58.219.226,0,0,0,0,0, 192.168.1.15,172.217.10.36,0,0,0,0,0, 192.168.1.15,172.217.10.131,0,0,0,0,0, 192.168.1.15,172.217.12.195,0,0,0,0,0, 192.168.1.15,172.217.7.19,0,0,0,0,0, 192.168.1.15,172.217.10.38,0,0,0,0,0, 192.168.1.15,172.217.7.3,0,0,0,0,0, 192.168.1.15,172.217.7.10,0,0,0,0,0, 192.168.1.15,172.217.12.142,0,0,0,0,0, 192.168.1.15,172.217.6.194,0,0,0,0,0, 192.168.1.15,169.48.173.166,0,0,0,0,0, 192.168.1.15,0,0,0,0,0,0, 192.168.1.15,0,0,0,0,0,0, 192.168.1.15,0,0,0,0,0,0, 192.168.1.15,0,0,0,0,0,0, 192.168.1.15,0,0,0,0,0,0, 192.168.1.15,0,0,0,0,0,0, 192.168.1.15,0,0,0,0,0,0, 192.168.1.15,0,0,0,0,0,0, 192.168.1.15,0.0.0.0,0,0,0,0,0,0,0,1,0,1533510002227,1533509999087,0.01883511444091797,668.1010000000001,10.241164885559082,0.015356959501632237,true,36.199,q360p,360,3.589031494140775,1.9459101490553132,3.4657359027997265,7.419979923661835,10.496814397813862,0.015240234905405535
3.8000000000000016,10,58,1935,77605, 192.168.1.15,173.194.31.91,QUIC,5,55,350,76070, 192.168.1.15,172.217.11.35,0,0,0,0,0, 192.168.1.15,172.217.12.174,QUIC,2,0,1194,0, 192.168.1.15,172.217.10.131,0,0,0,0,0, 192.168.1.15,172.217.10.35,0,0,0,0,0, 192.168.1.15,172.217.10.14,0,0,0,0,0, 192.168.1.15,216.58.219.194,QUIC,1,0,238,0, 192.168.1.15,172.217.10.134,0,0,0,0,0, 192.168.1.15,172.217.12.141,0,0,0,0,0, 192.168.1.15,172.217.12.214,QUIC,2,3,153,1535, 192.168.1.15,172.217.12.196,0,0,0,0,0, 192.168.1.15,172.217.12.202,0,0,0,0,0, 192.168.1.15,172.217.7.14,0,0,0,0,0, 192.168.1.15,104.237.191.1,0,0,0,0,0, 192.168.1.15,172.217.7.22,0,0,0,0,0, 192.168.1.15,169.48.173.166,0,0,0,0,0, 192.168.1.15,172.217.10.34,0,0,0,0,0, 192.168.1.15,0,0,0,0,0,0, 192.168.1.15,0,0,0,0,0,0, 192.168.1.15,0,0,0,0,0,0, 192.168.1.15,0,0,0,0,0,0, 192.168.1.15,0,0,0,0,0,0, 192.168.1.15,0,0,0,0,0,0, 192.168.1.15,0,0,0,0,0,0, 192.168.1.15,0,0,0,0,0,0, 192.168.1.15,0.0.0.0,0,0,0,0,0,0,0,1,0,1533525435993,1533525433168,0.034219917984008794,630.861,4.446780082015991,0.0071029909916764545,true,77.605,q144p,144,4.351631858103148,2.3978952727983707,4.07753744390572,7.568379267836522,11.259400022769933,0.007077883572900184
3.600000000000002,14,62,2842,75432, 192.168.1.15,173.194.131.41,QUIC,7,54,1114,73156, 192.168.1.15,172.217.10.131,0,0,0,0,0, 192.168.1.15,172.217.3.110,QUIC,2,0,1225,0, 192.168.1.15,172.217.12.131,0,0,0,0,0, 192.168.1.15,172.217.10.226,QUIC,1,0,239,0, 192.168.1.15,172.217.10.45,0,0,0,0,0, 192.168.1.15,172.217.7.10,0,0,0,0,0, 192.168.1.15,172.217.132.71,0,0,0,0,0, 192.168.1.15,172.217.12.138,0,0,0,0,0, 192.168.1.15,172.217.7.3,0,0,0,0,0, 192.168.1.15,172.217.10.35,0,0,0,0,0, 192.168.1.15,172.217.10.36,0,0,0,0,0, 192.168.1.15,172.217.12.142,0,0,0,0,0, 192.168.1.15,172.217.11.46,0,0,0,0,0, 192.168.1.15,172.217.10.38,0,0,0,0,0, 192.168.1.15,216.58.217.66,0,0,0,0,0, 192.168.1.15,169.48.173.166,0,0,0,0,0, 192.168.1.15,0.0.0.0,0,0,0,0,0, 192.168.1.15,0,0,0,0,0,0, 192.168.1.15,0,0,0,0,0,0, 192.168.1.15,0,0,0,0,0,0, 192.168.1.15,0,0,0,0,0,0, 192.168.1.15,0,0,0,0,0,0, 192.168.1.15,0,0,0,0,0,0, 192.168.1.15,0,0,0,0,0,0, 192.168.1.15,0.0.0.0,0,4,8,264,2276,0,0,1,0,1533528678493,1533528675472,0.03122013542175293,617.8009999999998,3.989779864578247,0.006508568293026395,true,75.432,q144p,144,4.3232315881633765,2.70805020110221,4.143134726391533,7.952615111651,11.231000124030809,0.006487479020268305
3.700000000000002,33,205,3569,278065, 192.168.1.15,173.194.31.91,QUIC,16,168,1135,232222, 192.168.1.15,172.217.12.131,0,0,0,0,0, 192.168.1.15,172.217.10.129,QUIC,13,33,923,45553, 192.168.1.15,172.217.7.14,QUIC,3,3,1273,228, 192.168.1.15,172.217.12.214,0,0,0,0,0, 192.168.1.15,172.217.11.22,0,0,0,0,0, 192.168.1.15,172.217.10.238,0,0,0,0,0, 192.168.1.15,172.217.6.226,QUIC,1,1,238,62, 192.168.1.15,172.217.10.131,0,0,0,0,0, 192.168.1.15,172.217.10.45,0,0,0,0,0, 192.168.1.15,172.217.12.195,0,0,0,0,0, 192.168.1.15,172.217.10.42,0,0,0,0,0, 192.168.1.15,172.217.7.4,0,0,0,0,0, 192.168.1.15,172.217.12.142,0,0,0,0,0, 192.168.1.15,172.217.11.2,0,0,0,0,0, 192.168.1.15,169.48.173.166,0,0,0,0,0, 192.168.1.15,0,0,0,0,0,0, 192.168.1.15,0,0,0,0,0,0, 192.168.1.15,0,0,0,0,0,0, 192.168.1.15,0,0,0,0,0,0, 192.168.1.15,0,0,0,0,0,0, 192.168.1.15,0,0,0,0,0,0, 192.168.1.15,0,0,0,0,0,0, 192.168.1.15,0,0,0,0,0,0, 192.168.1.15,0,0,0,0,0,0, 192.168.1.15,0.0.0.0,0,0,0,0,0,0,0,1,0,1533509350705,1533509347355,0.019537969482421882,630.861,3.7004620305175786,0.005896703077223034,true,278.065,q360p,360,5.6278548993102895,3.5263605246161616,5.327876168789581,8.180320874773685,12.535613774567405,0.005879385567758861
3.600000000000002,6,20,2036,27840, 192.168.1.15,74.125.0.24,QUIC,4,20,846,27840, 192.168.1.15,172.217.7.3,0,0,0,0,0, 192.168.1.15,216.58.219.206,QUIC,2,0,1190,0, 192.168.1.15,172.217.12.195,0,0,0,0,0, 192.168.1.15,173.194.135.102,0,0,0,0,0, 192.168.1.15,172.217.10.66,0,0,0,0,0, 192.168.1.15,172.217.7.10,0,0,0,0,0, 192.168.1.15,172.217.12.134,0,0,0,0,0, 192.168.1.15,172.217.12.196,0,0,0,0,0, 192.168.1.15,172.217.10.141,0,0,0,0,0, 192.168.1.15,172.217.12.142,0,0,0,0,0, 192.168.1.15,172.217.10.35,0,0,0,0,0, 192.168.1.15,169.48.173.166,0,0,0,0,0, 192.168.1.15,0.0.0.0,0,0,0,0,0, 192.168.1.15,0,0,0,0,0,0, 192.168.1.15,0,0,0,0,0,0, 192.168.1.15,0,0,0,0,0,0, 192.168.1.15,0,0,0,0,0,0, 192.168.1.15,0,0,0,0,0,0, 192.168.1.15,0,0,0,0,0,0, 192.168.1.15,0,0,0,0,0,0, 192.168.1.15,0,0,0,0,0,0, 192.168.1.15,0,0,0,0,0,0, 192.168.1.15,0,0,0,0,0,0, 192.168.1.15,0,0,0,0,0,0, 192.168.1.15,0.0.0.0,0,0,0,0,0,0,0,1,0,1533508048936,1533508045817,0.02822011444091797,634.601,4.512779885559082,0.007155677346868348,true,27.84,q360p,360,3.326473835466219,1.9459101490553132,3.044522437723423,7.619233416226805,10.234265033343494,0.007130196968425923
4.000000000000002,58,485,5995,658375, 192.168.1.15,74.125.172.60,QUIC,51,477,4293,653878, 192.168.1.15,172.217.10.33,0,0,0,0,0, 192.168.1.15,172.217.7.131,0,0,0,0,0, 192.168.1.15,172.217.7.14,QUIC,3,4,1266,301, 192.168.1.15,172.217.10.35,0,0,0,0,0, 192.168.1.15,172.217.12.214,0,0,0,0,0, 192.168.1.15,172.217.11.22,0,0,0,0,0, 192.168.1.15,172.217.10.46,0,0,0,0,0, 192.168.1.15,216.58.219.194,QUIC,1,1,238,62, 192.168.1.15,172.217.12.131,0,0,0,0,0, 192.168.1.15,172.217.12.142,0,0,0,0,0, 192.168.1.15,74.125.110.10,0,0,0,0,0, 192.168.1.15,172.217.10.141,0,0,0,0,0, 192.168.1.15,172.217.12.132,0,0,0,0,0, 192.168.1.15,172.217.12.134,0,0,0,0,0, 192.168.1.15,172.217.7.10,0,0,0,0,0, 192.168.1.15,172.217.6.194,0,0,0,0,0, 192.168.1.15,169.48.173.166,0,0,0,0,0, 192.168.1.15,172.217.10.131,0,0,0,0,0, 192.168.1.15,0,0,0,0,0,0, 192.168.1.15,0,0,0,0,0,0, 192.168.1.15,0,0,0,0,0,0, 192.168.1.15,0,0,0,0,0,0, 192.168.1.15,0,0,0,0,0,0, 192.168.1.15,0,0,0,0,0,0, 192.168.1.15,0.0.0.0,0,3,3,198,4134,0,0,1,0,1533511955770,1533511952446,0.08829400190734864,567.861,9.45470599809265,0.016805168870551068,true,658.375,q360p,360,6.489774677803553,4.07753744390572,6.186208623900494,8.698847859222488,13.397531475675747,0.016665524348470347
3.600000000000002,14,57,2932,77429, 192.168.1.15,173.194.31.105,QUIC,8,56,1126,77137, 192.168.1.15,172.217.10.35,0,0,0,0,0, 192.168.1.15,172.217.12.206,QUIC,2,0,1232,0, 192.168.1.15,172.217.10.46,0,0,0,0,0, 192.168.1.15,172.217.12.182,0,0,0,0,0, 192.168.1.15,172.217.10.2,QUIC,1,0,239,0, 192.168.1.15,74.125.110.42,0,0,0,0,0, 192.168.1.15,172.217.10.45,0,0,0,0,0, 192.168.1.15,172.217.10.3,0,0,0,0,0, 192.168.1.15,172.217.7.6,0,0,0,0,0, 192.168.1.15,172.217.12.138,0,0,0,0,0, 192.168.1.15,172.217.12.132,0,0,0,0,0, 192.168.1.15,172.217.12.195,0,0,0,0,0, 192.168.1.15,169.48.173.166,0,0,0,0,0, 192.168.1.15,0,0,0,0,0,0, 192.168.1.15,0,0,0,0,0,0, 192.168.1.15,0,0,0,0,0,0, 192.168.1.15,0,0,0,0,0,0, 192.168.1.15,0,0,0,0,0,0, 192.168.1.15,0,0,0,0,0,0, 192.168.1.15,0,0,0,0,0,0, 192.168.1.15,0,0,0,0,0,0, 192.168.1.15,0,0,0,0,0,0, 192.168.1.15,0,0,0,0,0,0, 192.168.1.15,0,0,0,0,0,0, 192.168.1.15,0.0.0.0,0,3,1,335,292,0,0,1,0,1533526733566,1533526730715,0.034219917984008794,576.841,4.606780082015991,0.008045544612813583,true,77.429,q144p,144,4.3493613874243655,2.70805020110221,4.060443010546419,7.983781068977451,11.257129581380768,0.008013351776081737
4.000000000000002,33,146,2356,201903, 192.168.1.15,173.194.185.106,QUIC,33,146,2356,201903, 192.168.1.15,172.217.12.131,0,0,0,0,0, 192.168.1.15,172.217.12.206,0,0,0,0,0, 192.168.1.15,172.217.10.35,0,0,0,0,0, 192.168.1.15,172.217.11.14,0,0,0,0,0, 192.168.1.15,172.217.12.130,0,0,0,0,0, 192.168.1.15,172.217.12.195,0,0,0,0,0, 192.168.1.15,172.217.10.141,0,0,0,0,0, 192.168.1.15,74.125.103.120,0,0,0,0,0, 192.168.1.15,172.217.7.19,0,0,0,0,0, 192.168.1.15,172.217.10.131,0,0,0,0,0, 192.168.1.15,172.217.10.46,0,0,0,0,0, 192.168.1.15,172.217.7.10,0,0,0,0,0, 192.168.1.15,172.217.7.4,0,0,0,0,0, 192.168.1.15,172.217.11.42,0,0,0,0,0, 192.168.1.15,104.237.191.1,0,0,0,0,0, 192.168.1.15,172.217.12.194,0,0,0,0,0, 192.168.1.15,172.217.10.134,0,0,0,0,0, 192.168.1.15,172.217.11.35,0,0,0,0,0, 192.168.1.15,169.48.173.166,0,0,0,0,0, 192.168.1.15,0,0,0,0,0,0, 192.168.1.15,0,0,0,0,0,0, 192.168.1.15,0,0,0,0,0,0, 192.168.1.15,0,0,0,0,0,0, 192.168.1.15,0,0,0,0,0,0, 192.168.1.15,0.0.0.0,0,0,0,0,0,0,0,1,0,1533495804824,1533495801268,0.036146897003173833,668.1010000000001,5.3018531029968265,0.007989809923948625,true,201.903,q720p,720,5.30778738404941,3.5263605246161616,4.990432586778736,7.7651449029361315,12.215547615892692,0.007958060395646597
4.000000000000002,18,126,3665,172740, 192.168.1.15,74.125.0.41,QUIC,14,125,2124,172674, 192.168.1.15,172.217.12.195,0,0,0,0,0, 192.168.1.15,172.217.10.238,QUIC,2,1,1232,66, 192.168.1.15,172.217.10.131,0,0,0,0,0, 192.168.1.15,172.217.12.130,QUIC,1,0,239,0, 192.168.1.15,172.217.11.46,0,0,0,0,0, 192.168.1.15,172.217.10.35,0,0,0,0,0, 192.168.1.15,209.85.226.70,0,0,0,0,0, 192.168.1.15,172.217.12.205,0,0,0,0,0, 192.168.1.15,172.217.7.3,0,0,0,0,0, 192.168.1.15,172.217.12.196,QUIC,1,0,70,0, 192.168.1.15,172.217.12.131,0,0,0,0,0, 192.168.1.15,172.217.10.42,0,0,0,0,0, 192.168.1.15,172.217.7.14,0,0,0,0,0, 192.168.1.15,169.48.173.166,0,0,0,0,0, 192.168.1.15,172.217.11.35,0,0,0,0,0, 192.168.1.15,0.0.0.0,0,0,0,0,0, 192.168.1.15,0,0,0,0,0,0, 192.168.1.15,0,0,0,0,0,0, 192.168.1.15,0,0,0,0,0,0, 192.168.1.15,0,0,0,0,0,0, 192.168.1.15,0,0,0,0,0,0, 192.168.1.15,0,0,0,0,0,0, 192.168.1.15,0,0,0,0,0,0, 192.168.1.15,0,0,0,0,0,0, 192.168.1.15,0.0.0.0,0,0,0,0,0,0,0,1,0,1533517965802,1533517962141,0.031893083923339845,668.1010000000001,3.638106916076661,0.0054931814201744965,true,172.74,q240p,240,5.15178757385214,2.9444389791664403,4.844187086458591,8.20685642839965,12.059548641864643,0.005478148924806329
3.700000000000002,23,133,2200,181476, 192.168.1.15,173.194.61.76,QUIC,9,88,1199,122496, 192.168.1.15,172.217.10.129,QUIC,13,44,923,58917, 192.168.1.15,172.217.10.35,0,0,0,0,0, 192.168.1.15,216.58.219.206,QUIC,0,1,0,63, 192.168.1.15,172.217.12.214,0,0,0,0,0, 192.168.1.15,172.217.12.131,0,0,0,0,0, 192.168.1.15,216.58.219.214,0,0,0,0,0, 192.168.1.15,172.217.12.174,0,0,0,0,0, 192.168.1.15,74.125.154.121,0,0,0,0,0, 192.168.1.15,172.217.11.34,0,0,0,0,0, 192.168.1.15,172.217.11.35,0,0,0,0,0, 192.168.1.15,172.217.10.141,0,0,0,0,0, 192.168.1.15,172.217.11.36,0,0,0,0,0, 192.168.1.15,172.217.10.46,0,0,0,0,0, 192.168.1.15,172.217.12.202,0,0,0,0,0, 192.168.1.15,172.217.12.134,0,0,0,0,0, 192.168.1.15,172.217.10.131,0,0,0,0,0, 192.168.1.15,172.217.10.66,0,0,0,0,0, 192.168.1.15,169.48.173.166,0,0,0,0,0, 192.168.1.15,172.217.12.195,0,0,0,0,0, 192.168.1.15,0,0,0,0,0,0, 192.168.1.15,0,0,0,0,0,0, 192.168.1.15,0,0,0,0,0,0, 192.168.1.15,0,0,0,0,0,0, 192.168.1.15,0,0,0,0,0,0, 192.168.1.15,0.0.0.0,0,1,0,78,0,0,0,1,0,1533519911296,1533519907950,0.02326811444091797,567.861,5.314731885559082,0.009400187721995348,true,181.476,q240p,240,5.201123413556604,3.1780538303479458,4.897839799950911,7.696667081526462,12.108884202894076,0.00935628089784891
3.700000000000002,10,62,2313,82685, 192.168.1.15,173.194.185.106,QUIC,8,61,1132,82623, 192.168.1.15,172.217.12.195,0,0,0,0,0, 192.168.1.15,172.217.12.174,QUIC,2,1,1181,62, 192.168.1.15,172.217.12.131,0,0,0,0,0, 192.168.1.15,172.217.10.131,0,0,0,0,0, 192.168.1.15,172.217.10.110,0,0,0,0,0, 192.168.1.15,172.217.10.98,0,0,0,0,0, 192.168.1.15,172.217.10.35,0,0,0,0,0, 192.168.1.15,172.217.10.36,0,0,0,0,0, 192.168.1.15,172.217.7.10,0,0,0,0,0, 192.168.1.15,172.217.11.45,0,0,0,0,0, 192.168.1.15,172.217.12.142,0,0,0,0,0, 192.168.1.15,172.217.7.6,0,0,0,0,0, 192.168.1.15,169.48.173.166,0,0,0,0,0, 192.168.1.15,0,0,0,0,0,0, 192.168.1.15,0,0,0,0,0,0, 192.168.1.15,0,0,0,0,0,0, 192.168.1.15,0,0,0,0,0,0, 192.168.1.15,0,0,0,0,0,0, 192.168.1.15,0,0,0,0,0,0, 192.168.1.15,0,0,0,0,0,0, 192.168.1.15,0,0,0,0,0,0, 192.168.1.15,0,0,0,0,0,0, 192.168.1.15,0,0,0,0,0,0, 192.168.1.15,0,0,0,0,0,0, 192.168.1.15,0.0.0.0,0,0,0,0,0,0,0,1,0,1533530301275,1533530298249,0.02622002098083496,734.1610000000002,8.554779979019164,0.011688171940487168,true,82.685,q480p,480,4.415038207102159,2.3978952727983707,4.143134726391533,7.746732907753622,11.3228055801032,0.011620392889729433
2.9000000000000012,12,80,1877,110420, 192.168.1.15,173.194.61.72,QUIC,9,80,630,110420, 192.168.1.15,172.217.10.131,0,0,0,0,0, 192.168.1.15,172.217.11.14,QUIC,2,0,1160,0, 192.168.1.15,172.217.10.118,0,0,0,0,0, 192.168.1.15,172.217.10.35,0,0,0,0,0, 192.168.1.15,172.217.3.110,0,0,0,0,0, 192.168.1.15,172.217.12.195,0,0,0,0,0, 192.168.1.15,172.217.12.130,0,0,0,0,0, 192.168.1.15,172.217.10.142,0,0,0,0,0, 192.168.1.15,209.85.231.137,0,0,0,0,0, 192.168.1.15,172.217.7.4,0,0,0,0,0, 192.168.1.15,172.217.11.42,0,0,0,0,0, 192.168.1.15,172.217.7.3,0,0,0,0,0, 192.168.1.15,172.217.7.10,0,0,0,0,0, 192.168.1.15,172.217.10.46,0,0,0,0,0, 192.168.1.15,104.237.191.1,0,0,0,0,0, 192.168.1.15,169.48.173.166,0,0,0,0,0, 192.168.1.15,172.217.11.35,0,0,0,0,0, 192.168.1.15,172.217.11.45,0,0,0,0,0, 192.168.1.15,0.0.0.0,0,0,0,0,0, 192.168.1.15,0,0,0,0,0,0, 192.168.1.15,0,0,0,0,0,0, 192.168.1.15,0,0,0,0,0,0, 192.168.1.15,0,0,0,0,0,0, 192.168.1.15,0,0,0,0,0,0, 192.168.1.15,0.0.0.0,0,1,0,87,0,0,0,1,0,1533506746202,1533506743833,0.031219897003173836,561.621,4.189780102996826,0.007515744603567175,true,110.42,q360p,360,4.704291276855899,2.5649493574615367,4.394449154672439,7.537962659768208,11.612055612127403,0.007487642114676057
3.9000000000000017,33,233,4144,317762, 192.168.1.15,173.194.131.139,QUIC,29,228,2642,317376, 192.168.1.15,172.217.7.3,0,0,0,0,0, 192.168.1.15,172.217.10.110,QUIC,3,4,1264,324, 192.168.1.15,172.217.10.131,0,0,0,0,0, 192.168.1.15,172.217.12.162,0,0,0,0,0, 192.168.1.15,172.217.10.238,0,0,0,0,0, 192.168.1.15,172.217.7.2,QUIC,1,1,238,62, 192.168.1.15,172.217.10.35,0,0,0,0,0, 192.168.1.15,172.217.3.118,0,0,0,0,0, 192.168.1.15,172.217.12.205,0,0,0,0,0, 192.168.1.15,172.217.12.196,0,0,0,0,0, 192.168.1.15,74.125.1.166,0,0,0,0,0, 192.168.1.15,172.217.7.19,0,0,0,0,0, 192.168.1.15,172.217.12.138,0,0,0,0,0, 192.168.1.15,172.217.12.198,0,0,0,0,0, 192.168.1.15,172.217.10.142,0,0,0,0,0, 192.168.1.15,172.217.12.194,0,0,0,0,0, 192.168.1.15,172.217.12.195,0,0,0,0,0, 192.168.1.15,172.217.11.54,0,0,0,0,0, 192.168.1.15,169.48.173.166,0,0,0,0,0, 192.168.1.15,172.217.10.14,0,0,0,0,0, 192.168.1.15,0,0,0,0,0,0, 192.168.1.15,0,0,0,0,0,0, 192.168.1.15,0,0,0,0,0,0, 192.168.1.15,0,0,0,0,0,0, 192.168.1.15,0.0.0.0,0,0,0,0,0,0,0,1,0,1533532262705,1533532259275,0.08635888746643068,630.861,3.63364111253357,0.005896703077223034,true,317.762,q480p,480,5.7613026748954095,3.5263605246161616,5.455321115357702,8.329658067569396,12.669061100881992,0.005879385567758861
4.5,37,308,4430,419098, 192.168.1.15,173.194.31.91,QUIC,33,303,2927,418742, 192.168.1.15,172.217.10.131,0,0,0,0,0, 192.168.1.15,172.217.7.1,0,0,0,0,0, 192.168.1.15,216.58.219.238,QUIC,3,3,1265,205, 192.168.1.15,172.217.10.35,0,0,0,0,0, 192.168.1.15,172.217.10.150,0,0,0,0,0, 192.168.1.15,172.217.7.22,0,0,0,0,0, 192.168.1.15,172.217.6.226,QUIC,1,1,238,65, 192.168.1.15,172.217.10.142,0,0,0,0,0, 192.168.1.15,172.217.12.131,0,0,0,0,0, 192.168.1.15,172.217.11.36,0,0,0,0,0, 192.168.1.15,173.194.186.232,0,0,0,0,0, 192.168.1.15,172.217.12.141,0,0,0,0,0, 192.168.1.15,172.217.12.138,0,0,0,0,0, 192.168.1.15,172.217.10.46,0,0,0,0,0, 192.168.1.15,172.217.7.2,0,0,0,0,0, 192.168.1.15,169.48.173.166,0,0,0,0,0, 192.168.1.15,216.58.219.194,0,0,0,0,0, 192.168.1.15,0.0.0.0,0,0,0,0,0, 192.168.1.15,0,0,0,0,0,0, 192.168.1.15,0,0,0,0,0,0, 192.168.1.15,0,0,0,0,0,0, 192.168.1.15,0,0,0,0,0,0, 192.168.1.15,0,0,0,0,0,0, 192.168.1.15,0,0,0,0,0,0, 192.168.1.15,0.0.0.0,0,0,0,0,0,0,0,1,0,1533495140642,1533495137197,0.06415884550476074,630.861,1.4958411544952392,0.0024728109678677237,true,419.098,q720p,720,6.038104782788883,3.6375861597263857,5.733341276897746,8.39638057119949,12.945862447844938,0.002469758601740443
4.300000000000002,45,123,5029,160814, 192.168.1.15,173.194.131.139,QUIC,41,118,3516,160428, 192.168.1.15,172.217.11.35,0,0,0,0,0, 192.168.1.15,172.217.10.33,0,0,0,0,0, 192.168.1.15,172.217.12.142,QUIC,3,4,1275,324, 192.168.1.15,172.217.12.214,0,0,0,0,0, 192.168.1.15,172.217.12.131,0,0,0,0,0, 192.168.1.15,172.217.6.226,QUIC,1,1,238,62, 192.168.1.15,172.217.10.35,0,0,0,0,0, 192.168.1.15,172.217.12.138,0,0,0,0,0, 192.168.1.15,172.217.12.132,0,0,0,0,0, 192.168.1.15,173.194.166.71,0,0,0,0,0, 192.168.1.15,172.217.10.45,0,0,0,0,0, 192.168.1.15,172.217.7.6,0,0,0,0,0, 192.168.1.15,172.217.12.195,0,0,0,0,0, 192.168.1.15,172.217.10.142,0,0,0,0,0, 192.168.1.15,172.217.10.131,0,0,0,0,0, 192.168.1.15,169.48.173.166,0,0,0,0,0, 192.168.1.15,0.0.0.0,0,0,0,0,0, 192.168.1.15,0,0,0,0,0,0, 192.168.1.15,0,0,0,0,0,0, 192.168.1.15,0,0,0,0,0,0, 192.168.1.15,0,0,0,0,0,0, 192.168.1.15,0,0,0,0,0,0, 192.168.1.15,0,0,0,0,0,0, 192.168.1.15,0,0,0,0,0,0, 192.168.1.15,0.0.0.0,0,0,0,0,0,0,0,1,0,1533488212115,1533488208150,0.07778909536743164,630.861,8.802210904632569,0.014076000894016274,true,160.814,q1080p,1080,5.080248417631574,3.828641396489095,4.820281565605037,8.523175263093785,11.98800991495845,0.013977853932270752
3.5000000000000018,16,106,1337,140375, 192.168.1.15,173.194.185.232,QUIC,11,101,774,139669, 192.168.1.15,172.217.10.35,0,0,0,0,0, 192.168.1.15,216.58.219.214,0,0,0,0,0, 192.168.1.15,172.217.3.110,QUIC,3,5,221,706, 192.168.1.15,172.217.12.195,0,0,0,0,0, 192.168.1.15,172.217.12.142,0,0,0,0,0, 192.168.1.15,172.217.12.131,0,0,0,0,0, 192.168.1.15,172.217.11.2,QUIC,1,0,264,0, 192.168.1.15,172.217.7.13,0,0,0,0,0, 192.168.1.15,172.217.12.198,0,0,0,0,0, 192.168.1.15,172.217.12.202,0,0,0,0,0, 192.168.1.15,172.217.12.132,0,0,0,0,0, 192.168.1.15,216.58.219.194,0,0,0,0,0, 192.168.1.15,169.48.173.166,0,0,0,0,0, 192.168.1.15,0.0.0.0,0,0,0,0,0, 192.168.1.15,0,0,0,0,0,0, 192.168.1.15,0,0,0,0,0,0, 192.168.1.15,0,0,0,0,0,0, 192.168.1.15,0,0,0,0,0,0, 192.168.1.15,0,0,0,0,0,0, 192.168.1.15,0,0,0,0,0,0, 192.168.1.15,0,0,0,0,0,0, 192.168.1.15,0,0,0,0,0,0, 192.168.1.15,0,0,0,0,0,0, 192.168.1.15,0,0,0,0,0,0, 192.168.1.15,0.0.0.0,0,1,0,78,0,0,0,1,0,1533524788322,1533524785441,0.029857969482421875,501.021,4.611142030517578,0.009263084780877449,true,140.375,q144p,144,4.944317413058608,2.833213344056216,4.672828834461906,7.198931240688173,11.85207981579097,0.009220445522829948
4.699999999999998,20,109,3457,140715, 192.168.1.15,173.194.61.41,QUIC,11,101,794,139285, 192.168.1.15,172.217.11.35,0,0,0,0,0, 192.168.1.15,172.217.12.142,QUIC,3,3,1298,226, 192.168.1.15,172.217.12.162,QUIC,1,0,239,0, 192.168.1.15,172.217.12.205,0,0,0,0,0, 192.168.1.15,172.217.10.14,0,0,0,0,0, 192.168.1.15,173.194.144.106,0,0,0,0,0, 192.168.1.15,172.217.10.132,0,0,0,0,0, 192.168.1.15,172.217.7.3,0,0,0,0,0, 192.168.1.15,172.217.6.206,0,0,0,0,0, 192.168.1.15,172.217.7.14,0,0,0,0,0, 192.168.1.15,172.217.7.19,0,0,0,0,0, 192.168.1.15,172.217.10.138,0,0,0,0,0, 192.168.1.15,172.217.10.46,0,0,0,0,0, 192.168.1.15,172.217.10.130,0,0,0,0,0, 192.168.1.15,169.48.173.166,0,0,0,0,0, 192.168.1.15,0,0,0,0,0,0, 192.168.1.15,0,0,0,0,0,0, 192.168.1.15,0,0,0,0,0,0, 192.168.1.15,0,0,0,0,0,0, 192.168.1.15,0,0,0,0,0,0, 192.168.1.15,0,0,0,0,0,0, 192.168.1.15,0,0,0,0,0,0, 192.168.1.15,0,0,0,0,0,0, 192.168.1.15,0,0,0,0,0,0, 192.168.1.15,0.0.0.0,0,5,5,1126,1204,0,0,1,0,1533535537367,1533535533434,0.03962206294250488,617.8009999999998,5.590377937057495,0.009112966796751705,true,140.715,q480p,480,4.946736568246024,3.044522437723423,4.700480365792417,8.148445666243235,11.85449895376582,0.009071694268785745
2.9000000000000012,26,112,2877,155904, 192.168.1.15,173.194.31.120,QUIC,24,112,1717,155904, 192.168.1.15,172.217.15.67,0,0,0,0,0, 192.168.1.15,172.217.7.3,0,0,0,0,0, 192.168.1.15,172.217.6.246,0,0,0,0,0, 192.168.1.15,172.217.10.46,QUIC,2,0,1160,0, 192.168.1.15,172.217.12.142,0,0,0,0,0, 192.168.1.15,216.58.217.99,0,0,0,0,0, 192.168.1.15,172.217.6.214,0,0,0,0,0, 192.168.1.15,173.194.61.74,0,0,0,0,0, 192.168.1.15,172.217.10.35,0,0,0,0,0, 192.168.1.15,173.194.185.231,0,0,0,0,0, 192.168.1.15,172.217.6.194,0,0,0,0,0, 192.168.1.15,172.217.10.132,0,0,0,0,0, 192.168.1.15,172.217.7.19,0,0,0,0,0, 192.168.1.15,172.217.10.138,0,0,0,0,0, 192.168.1.15,172.217.12.206,0,0,0,0,0, 192.168.1.15,169.48.173.166,0,0,0,0,0, 192.168.1.15,172.217.7.14,0,0,0,0,0, 192.168.1.15,172.217.7.13,0,0,0,0,0, 192.168.1.15,0,0,0,0,0,0, 192.168.1.15,0,0,0,0,0,0, 192.168.1.15,0,0,0,0,0,0, 192.168.1.15,0,0,0,0,0,0, 192.168.1.15,0,0,0,0,0,0, 192.168.1.15,0,0,0,0,0,0, 192.168.1.15,0.0.0.0,0,0,0,0,0,0,0,1,0,1533485534552,1533485531055,0.03083213542175293,561.621,4.940167864578247,0.008851164753454733,true,155.904,q1080p,1080,5.049240433207323,3.295836866004329,4.727387818712341,7.964850887447313,11.957002126372501,0.008812222813696338
3.0000000000000013,17,115,1219,156130, 192.168.1.15,173.194.31.120,QUIC,16,112,1149,155904, 192.168.1.15,172.217.15.67,0,0,0,0,0, 192.168.1.15,172.217.7.3,0,0,0,0,0, 192.168.1.15,172.217.6.246,0,0,0,0,0, 192.168.1.15,172.217.10.46,QUIC,1,3,70,226, 192.168.1.15,172.217.12.142,0,0,0,0,0, 192.168.1.15,216.58.217.99,0,0,0,0,0, 192.168.1.15,172.217.6.214,0,0,0,0,0, 192.168.1.15,173.194.61.74,0,0,0,0,0, 192.168.1.15,172.217.10.35,0,0,0,0,0, 192.168.1.15,173.194.185.231,0,0,0,0,0, 192.168.1.15,172.217.6.194,0,0,0,0,0, 192.168.1.15,172.217.10.132,0,0,0,0,0, 192.168.1.15,172.217.7.19,0,0,0,0,0, 192.168.1.15,172.217.10.138,0,0,0,0,0, 192.168.1.15,172.217.12.206,0,0,0,0,0, 192.168.1.15,169.48.173.166,0,0,0,0,0, 192.168.1.15,172.217.7.14,0,0,0,0,0, 192.168.1.15,172.217.7.13,0,0,0,0,0, 192.168.1.15,0,0,0,0,0,0, 192.168.1.15,0,0,0,0,0,0, 192.168.1.15,0,0,0,0,0,0, 192.168.1.15,0,0,0,0,0,0, 192.168.1.15,0,0,0,0,0,0, 192.168.1.15,0,0,0,0,0,0, 192.168.1.15,0.0.0.0,0,0,0,0,0,0,0,1,0,1533485534552,1533485531055,0.03083213542175293,561.621,4.940167864578247,0.008851164753454733,true,156.13,q1080p,1080,5.050688993553429,2.8903717578961645,4.7535901911063645,7.106606137727303,11.958450677434032,0.008812222813696338
4.100000000000001,80,631,7021,859621, 192.168.1.15,173.194.61.76,QUIC,76,628,5520,859393, 192.168.1.15,172.217.10.35,0,0,0,0,0, 192.168.1.15,172.217.10.129,0,0,0,0,0, 192.168.1.15,172.217.10.110,QUIC,3,3,1263,228, 192.168.1.15,172.217.6.214,0,0,0,0,0, 192.168.1.15,172.217.10.54,0,0,0,0,0, 192.168.1.15,172.217.3.110,0,0,0,0,0, 192.168.1.15,172.217.12.162,QUIC,1,0,238,0, 192.168.1.15,172.217.7.19,0,0,0,0,0, 192.168.1.15,172.217.10.142,0,0,0,0,0, 192.168.1.15,74.125.111.138,0,0,0,0,0, 192.168.1.15,172.217.12.205,0,0,0,0,0, 192.168.1.15,172.217.7.3,0,0,0,0,0, 192.168.1.15,172.217.12.138,0,0,0,0,0, 192.168.1.15,172.217.12.196,0,0,0,0,0, 192.168.1.15,169.48.173.166,0,0,0,0,0, 192.168.1.15,0,0,0,0,0,0, 192.168.1.15,0,0,0,0,0,0, 192.168.1.15,0,0,0,0,0,0, 192.168.1.15,0,0,0,0,0,0, 192.168.1.15,0,0,0,0,0,0, 192.168.1.15,0,0,0,0,0,0, 192.168.1.15,0,0,0,0,0,0, 192.168.1.15,0,0,0,0,0,0, 192.168.1.15,0,0,0,0,0,0, 192.168.1.15,0.0.0.0,0,0,0,0,0,0,0,1,0,1533497779474,1533497776155,0.03646792942810058,567.861,9.2395320705719,0.016334983385018518,true,859.6210000000001,q720p,720,6.756491594437375,4.394449154672439,6.448889394146858,8.856803356728378,13.6642480367222,0.016203002870653963
3.600000000000002,6,57,1675,79344, 192.168.1.15,173.194.185.106,QUIC,3,57,210,79344, 192.168.1.15,172.217.12.195,0,0,0,0,0, 192.168.1.15,172.217.11.14,QUIC,2,0,1226,0, 192.168.1.15,216.58.219.238,0,0,0,0,0, 192.168.1.15,172.217.6.226,QUIC,1,0,239,0, 192.168.1.15,173.194.55.74,0,0,0,0,0, 192.168.1.15,172.217.7.19,0,0,0,0,0, 192.168.1.15,172.217.10.42,0,0,0,0,0, 192.168.1.15,172.217.10.131,0,0,0,0,0, 192.168.1.15,172.217.7.13,0,0,0,0,0, 192.168.1.15,172.217.7.14,0,0,0,0,0, 192.168.1.15,172.217.11.36,0,0,0,0,0, 192.168.1.15,172.217.10.2,0,0,0,0,0, 192.168.1.15,172.217.12.198,0,0,0,0,0, 192.168.1.15,172.217.10.35,0,0,0,0,0, 192.168.1.15,172.217.10.238,0,0,0,0,0, 192.168.1.15,169.48.173.166,0,0,0,0,0, 192.168.1.15,0,0,0,0,0,0, 192.168.1.15,0,0,0,0,0,0, 192.168.1.15,0,0,0,0,0,0, 192.168.1.15,0,0,0,0,0,0, 192.168.1.15,0,0,0,0,0,0, 192.168.1.15,0,0,0,0,0,0, 192.168.1.15,0,0,0,0,0,0, 192.168.1.15,0,0,0,0,0,0, 192.168.1.15,0.0.0.0,0,0,0,0,0,0,0,1,0,1533526084992,1533526082144,0.027220186920166017,668.1010000000001,4.1737798130798325,0.006287971429469495,true,79.344,q144p,144,4.373792829746778,1.9459101490553132,4.060443010546419,7.424165281042028,11.281560711996942,0.006268284620748362
3.4000000000000017,9,68,1006,81684, 192.168.1.15,173.194.61.76,QUIC,6,59,420,79990, 192.168.1.15,172.217.11.35,0,0,0,0,0, 192.168.1.15,172.217.3.110,QUIC,0,1,0,63, 192.168.1.15,172.217.12.195,0,0,0,0,0, 192.168.1.15,172.217.10.110,0,0,0,0,0, 192.168.1.15,172.217.11.2,0,0,0,0,0, 192.168.1.15,172.217.11.54,0,0,0,0,0, 192.168.1.15,172.217.10.246,QUIC,3,5,586,687, 192.168.1.15,172.217.10.132,0,0,0,0,0, 192.168.1.15,74.125.97.51,0,0,0,0,0, 192.168.1.15,172.217.10.138,0,0,0,0,0, 192.168.1.15,172.217.10.141,0,0,0,0,0, 192.168.1.15,172.217.10.46,0,0,0,0,0, 192.168.1.15,172.217.10.35,0,0,0,0,0, 192.168.1.15,169.48.173.166,0,0,0,0,0, 192.168.1.15,172.217.10.131,0,0,0,0,0, 192.168.1.15,0,0,0,0,0,0, 192.168.1.15,0,0,0,0,0,0, 192.168.1.15,0,0,0,0,0,0, 192.168.1.15,0,0,0,0,0,0, 192.168.1.15,0,0,0,0,0,0, 192.168.1.15,0,0,0,0,0,0, 192.168.1.15,0,0,0,0,0,0, 192.168.1.15,0,0,0,0,0,0, 192.168.1.15,0,0,0,0,0,0, 192.168.1.15,0.0.0.0,0,0,1,0,419,0,0,1,0,1533528030442,1533528027571,0.029219803543090818,567.861,4.1317801964569085,0.007327497398130878,true,81.684,q144p,144,4.402858144253814,2.302585092994046,4.23410650459726,6.914730892718563,11.31062566546061,0.007300781715752764
2.800000000000001,17,92,2453,117087, 192.168.1.15,173.194.31.120,QUIC,8,81,560,112678, 192.168.1.15,172.217.12.131,0,0,0,0,0, 192.168.1.15,172.217.12.195,0,0,0,0,0, 192.168.1.15,216.58.219.206,QUIC,2,1,1157,62, 192.168.1.15,172.217.10.110,0,0,0,0,0, 192.168.1.15,172.217.10.131,0,0,0,0,0, 192.168.1.15,172.217.10.150,0,0,0,0,0, 192.168.1.15,216.58.219.246,QUIC,7,10,736,4347, 192.168.1.15,172.217.10.98,0,0,0,0,0, 192.168.1.15,173.194.167.167,0,0,0,0,0, 192.168.1.15,172.217.11.35,0,0,0,0,0, 192.168.1.15,172.217.10.42,0,0,0,0,0, 192.168.1.15,172.217.7.4,0,0,0,0,0, 192.168.1.15,172.217.12.142,0,0,0,0,0, 192.168.1.15,172.217.12.206,0,0,0,0,0, 192.168.1.15,104.97.97.136,0,0,0,0,0, 192.168.1.15,169.48.173.166,0,0,0,0,0, 192.168.1.15,172.217.10.45,0,0,0,0,0, 192.168.1.15,0.0.0.0,0,0,0,0,0, 192.168.1.15,0,0,0,0,0,0, 192.168.1.15,0,0,0,0,0,0, 192.168.1.15,0,0,0,0,0,0, 192.168.1.15,0,0,0,0,0,0, 192.168.1.15,0,0,0,0,0,0, 192.168.1.15,0,0,0,0,0,0, 192.168.1.15,0.0.0.0,0,0,0,0,0,0,0,1,0,1533522840944,1533522838206,0.01867289700317383,561.621,4.2023271029968265,0.007515744603567175,true,117.087,q144p,144,4.762917248215466,2.8903717578961645,4.532599493153256,7.805474625270857,11.670681067818933,0.007487642114676057
6.399999999999992,37,359,2651,495118, 192.168.1.15,74.125.0.24,QUIC,35,356,2511,494880, 192.168.1.15,172.217.12.195,0,0,0,0,0, 192.168.1.15,172.217.12.206,QUIC,2,3,140,238, 192.168.1.15,172.217.7.3,0,0,0,0,0, 192.168.1.15,172.217.10.142,0,0,0,0,0, 192.168.1.15,172.217.10.130,0,0,0,0,0, 192.168.1.15,172.217.10.131,0,0,0,0,0, 192.168.1.15,172.217.11.45,0,0,0,0,0, 192.168.1.15,172.217.10.35,0,0,0,0,0, 192.168.1.15,172.217.10.36,0,0,0,0,0, 192.168.1.15,172.217.12.131,0,0,0,0,0, 192.168.1.15,172.217.10.138,0,0,0,0,0, 192.168.1.15,104.237.191.1,0,0,0,0,0, 192.168.1.15,169.48.173.166,0,0,0,0,0, 192.168.1.15,0,0,0,0,0,0, 192.168.1.15,0,0,0,0,0,0, 192.168.1.15,0,0,0,0,0,0, 192.168.1.15,0,0,0,0,0,0, 192.168.1.15,0,0,0,0,0,0, 192.168.1.15,0,0,0,0,0,0, 192.168.1.15,0,0,0,0,0,0, 192.168.1.15,0,0,0,0,0,0, 192.168.1.15,0,0,0,0,0,0, 192.168.1.15,0,0,0,0,0,0, 192.168.1.15,0,0,0,0,0,0, 192.168.1.15,0.0.0.0,0,0,0,0,0,0,0,1,0,1533486865237,1533486860167,0.0954669294281006,634.601,8.404533070571901,0.013394242996780652,true,495.11800000000005,q1080p,1080,6.204796117998161,3.6375861597263857,5.886104031450156,7.883069351305753,13.11255341669881,0.013305333164101114
4.699999999999998,20,167,3131,225479, 192.168.1.15,74.125.0.24,QUIC,17,163,1870,225181, 192.168.1.15,172.217.10.35,0,0,0,0,0, 192.168.1.15,172.217.6.238,QUIC,3,4,1261,298, 192.168.1.15,172.217.10.99,0,0,0,0,0, 192.168.1.15,172.217.10.78,0,0,0,0,0, 192.168.1.15,172.217.12.205,0,0,0,0,0, 192.168.1.15,74.125.8.44,0,0,0,0,0, 192.168.1.15,172.217.7.19,0,0,0,0,0, 192.168.1.15,172.217.12.194,0,0,0,0,0, 192.168.1.15,172.217.10.132,0,0,0,0,0, 192.168.1.15,172.217.10.131,0,0,0,0,0, 192.168.1.15,172.217.12.134,0,0,0,0,0, 192.168.1.15,172.217.12.195,0,0,0,0,0, 192.168.1.15,172.217.7.10,0,0,0,0,0, 192.168.1.15,172.217.12.206,0,0,0,0,0, 192.168.1.15,169.48.173.166,0,0,0,0,0, 192.168.1.15,0,0,0,0,0,0, 192.168.1.15,0,0,0,0,0,0, 192.168.1.15,0,0,0,0,0,0, 192.168.1.15,0,0,0,0,0,0, 192.168.1.15,0,0,0,0,0,0, 192.168.1.15,0,0,0,0,0,0, 192.168.1.15,0,0,0,0,0,0, 192.168.1.15,0,0,0,0,0,0, 192.168.1.15,0,0,0,0,0,0, 192.168.1.15,0.0.0.0,0,0,0,0,0,0,0,1,0,1533516018792,1533516016354,0.03021996948242188,634.601,8.750780030517577,0.013837040912321286,true,225.479,q240p,240,5.418227028220393,3.044522437723423,5.123963979403259,8.049427057110695,12.32598674219551,0.013742183094444159
3.700000000000002,20,149,3035,202123, 192.168.1.15,74.125.0.24,QUIC,17,146,1774,201897, 192.168.1.15,172.217.12.195,0,0,0,0,0, 192.168.1.15,172.217.10.14,QUIC,3,3,1261,226, 192.168.1.15,172.217.12.131,0,0,0,0,0, 192.168.1.15,172.217.133.135,0,0,0,0,0, 192.168.1.15,172.217.10.226,0,0,0,0,0, 192.168.1.15,172.217.7.13,0,0,0,0,0, 192.168.1.15,172.217.7.4,0,0,0,0,0, 192.168.1.15,172.217.10.42,0,0,0,0,0, 192.168.1.15,172.217.10.46,0,0,0,0,0, 192.168.1.15,172.217.12.198,0,0,0,0,0, 192.168.1.15,169.48.173.166,0,0,0,0,0, 192.168.1.15,0,0,0,0,0,0, 192.168.1.15,0,0,0,0,0,0, 192.168.1.15,0,0,0,0,0,0, 192.168.1.15,0,0,0,0,0,0, 192.168.1.15,0,0,0,0,0,0, 192.168.1.15,0,0,0,0,0,0, 192.168.1.15,0,0,0,0,0,0, 192.168.1.15,0,0,0,0,0,0, 192.168.1.15,0,0,0,0,0,0, 192.168.1.15,0,0,0,0,0,0, 192.168.1.15,0,0,0,0,0,0, 192.168.1.15,0,0,0,0,0,0, 192.168.1.15,0,0,0,0,0,0, 192.168.1.15,0.0.0.0,0,0,0,0,0,0,0,1,0,1533530956642,1533530953811,0.05021995040893555,634.601,4.4907800495910655,0.007155677346868348,true,202.123,q480p,480,5.308876422981279,3.044522437723423,5.0106352940962555,8.01829613851552,12.216636649433651,0.007130196968425923
4.5,15,417,1699,566100, 192.168.1.15,74.125.0.41,QUIC,13,412,1559,565694, 192.168.1.15,172.217.10.35,0,0,0,0,0, 192.168.1.15,172.217.6.206,QUIC,2,4,140,344, 192.168.1.15,172.217.7.3,0,0,0,0,0, 192.168.1.15,172.217.10.98,QUIC,0,1,0,62, 192.168.1.15,172.217.7.14,0,0,0,0,0, 192.168.1.15,172.217.11.35,0,0,0,0,0, 192.168.1.15,172.217.12.195,0,0,0,0,0, 192.168.1.15,172.217.10.141,0,0,0,0,0, 192.168.1.15,172.217.10.42,0,0,0,0,0, 192.168.1.15,172.217.10.38,0,0,0,0,0, 192.168.1.15,172.217.12.196,0,0,0,0,0, 192.168.1.15,104.237.191.1,0,0,0,0,0, 192.168.1.15,172.217.12.206,0,0,0,0,0, 192.168.1.15,169.48.173.166,0,0,0,0,0, 192.168.1.15,172.217.12.131,0,0,0,0,0, 192.168.1.15,0,0,0,0,0,0, 192.168.1.15,0,0,0,0,0,0, 192.168.1.15,0,0,0,0,0,0, 192.168.1.15,0,0,0,0,0,0, 192.168.1.15,0,0,0,0,0,0, 192.168.1.15,0,0,0,0,0,0, 192.168.1.15,0,0,0,0,0,0, 192.168.1.15,0,0,0,0,0,0, 192.168.1.15,0,0,0,0,0,0, 192.168.1.15,0.0.0.0,0,0,0,0,0,0,0,1,0,1533488889020,1533488885264,0.1087398779296875,668.1010000000001,5.229260122070314,0.007989809923948625,true,566.1,q1080p,1080,6.338770741042614,2.772588722239781,6.035481432524756,7.438383530044307,13.246527786495546,0.007958060395646597
3.8000000000000016,13,87,936,119179, 192.168.1.15,173.194.31.73,QUIC,13,86,936,119093, 192.168.1.15,172.217.7.3,0,0,0,0,0, 192.168.1.15,172.217.11.46,0,0,0,0,0, 192.168.1.15,172.217.12.131,0,0,0,0,0, 192.168.1.15,172.217.11.54,0,0,0,0,0, 192.168.1.15,172.217.10.110,0,0,0,0,0, 192.168.1.15,172.217.11.35,0,0,0,0,0, 192.168.1.15,172.217.12.194,0,0,0,0,0, 192.168.1.15,172.217.7.13,0,0,0,0,0, 192.168.1.15,74.125.173.170,0,0,0,0,0, 192.168.1.15,172.217.12.134,0,0,0,0,0, 192.168.1.15,172.217.7.10,0,0,0,0,0, 192.168.1.15,172.217.12.206,0,0,0,0,0, 192.168.1.15,172.217.10.132,0,0,0,0,0, 192.168.1.15,172.217.12.162,0,0,0,0,0, 192.168.1.15,172.217.10.150,0,0,0,0,0, 192.168.1.15,172.217.12.195,0,0,0,0,0, 192.168.1.15,169.48.173.166,0,0,0,0,0, 192.168.1.15,0,0,0,0,0,0, 192.168.1.15,0,0,0,0,0,0, 192.168.1.15,0,0,0,0,0,0, 192.168.1.15,0,0,0,0,0,0, 192.168.1.15,0,0,0,0,0,0, 192.168.1.15,0,0,0,0,0,0, 192.168.1.15,0,0,0,0,0,0, 192.168.1.15,0.0.0.0,0,0,0,0,0,0,0,1,0,1533508700835,1533508697509,0.030860990463256837,501.021,3.572139009536744,0.007191315334087794,true,119.179,q360p,360,4.780626564614056,2.6390573296152584,4.477336814478207,6.842683282238422,11.68839023430097,0.0071655811275134216
3.700000000000002,15,116,2330,160142, 192.168.1.15,173.194.31.105,QUIC,12,115,865,160080, 192.168.1.15,172.217.10.131,0,0,0,0,0, 192.168.1.15,172.217.7.14,QUIC,2,1,1226,62, 192.168.1.15,172.217.12.131,0,0,0,0,0, 192.168.1.15,172.217.10.246,0,0,0,0,0, 192.168.1.15,172.217.12.142,0,0,0,0,0, 192.168.1.15,172.217.10.142,0,0,0,0,0, 192.168.1.15,172.217.10.66,QUIC,1,0,239,0, 192.168.1.15,172.217.7.19,0,0,0,0,0, 192.168.1.15,172.217.7.13,0,0,0,0,0, 192.168.1.15,172.217.7.3,0,0,0,0,0, 192.168.1.15,172.217.10.42,0,0,0,0,0, 192.168.1.15,172.217.10.36,0,0,0,0,0, 192.168.1.15,104.237.191.1,0,0,0,0,0, 192.168.1.15,172.217.10.38,0,0,0,0,0, 192.168.1.15,172.217.11.35,0,0,0,0,0, 192.168.1.15,169.48.173.166,0,0,0,0,0, 192.168.1.15,0.0.0.0,0,0,0,0,0, 192.168.1.15,0,0,0,0,0,0, 192.168.1.15,0,0,0,0,0,0, 192.168.1.15,0,0,0,0,0,0, 192.168.1.15,0,0,0,0,0,0, 192.168.1.15,0,0,0,0,0,0, 192.168.1.15,0,0,0,0,0,0, 192.168.1.15,0,0,0,0,0,0, 192.168.1.15,0.0.0.0,0,0,0,0,0,0,0,1,0,1533533573749,1533533570494,0.051346146865844725,576.841,4.589653853134156,0.008045544612813583,true,160.142,q480p,480,5.076060921638562,2.772588722239781,4.762173934797756,7.754052639035757,11.983822445059246,0.008013351776081737
4.5,26,140,1867,191514, 192.168.1.15,173.194.31.73,QUIC,25,137,1801,190704, 192.168.1.15,172.217.7.3,0,0,0,0,0, 192.168.1.15,172.217.10.142,0,0,0,0,0, 192.168.1.15,172.217.10.131,0,0,0,0,0, 192.168.1.15,172.217.10.46,0,0,0,0,0, 192.168.1.15,172.217.12.150,0,0,0,0,0, 192.168.1.15,172.217.12.130,0,0,0,0,0, 192.168.1.15,172.217.12.195,0,0,0,0,0, 192.168.1.15,172.217.12.205,0,0,0,0,0, 192.168.1.15,74.125.105.124,0,0,0,0,0, 192.168.1.15,172.217.12.196,0,0,0,0,0, 192.168.1.15,172.217.12.202,0,0,0,0,0, 192.168.1.15,172.217.11.46,0,0,0,0,0, 192.168.1.15,172.217.11.54,0,0,0,0,0, 192.168.1.15,172.217.7.2,0,0,0,0,0, 192.168.1.15,172.217.10.35,0,0,0,0,0, 192.168.1.15,169.48.173.166,0,0,0,0,0, 192.168.1.15,0.0.0.0,0,0,0,0,0, 192.168.1.15,0,0,0,0,0,0, 192.168.1.15,0,0,0,0,0,0, 192.168.1.15,0,0,0,0,0,0, 192.168.1.15,0,0,0,0,0,0, 192.168.1.15,0,0,0,0,0,0, 192.168.1.15,0,0,0,0,0,0, 192.168.1.15,0,0,0,0,0,0, 192.168.1.15,0.0.0.0,0,1,1,66,726,0,0,1,0,1533531610452,1533531607112,0.029748969482421873,501.021,4.140251030517578,0.008323004424964222,true,191.514,q480p,480,5.254960912998119,3.295836866004329,4.948759890378168,7.532623618788788,12.162721413517007,0.008288559216739627
4.300000000000002,9,41,2922,50504, 192.168.1.15,173.194.185.106,QUIC,5,37,1598,50180, 192.168.1.15,172.217.7.3,0,0,0,0,0, 192.168.1.15,172.217.10.35,0,0,0,0,0, 192.168.1.15,172.217.11.14,QUIC,4,4,1324,324, 192.168.1.15,172.217.11.46,0,0,0,0,0, 192.168.1.15,172.217.12.205,0,0,0,0,0, 192.168.1.15,74.125.13.233,0,0,0,0,0, 192.168.1.15,172.217.10.42,0,0,0,0,0, 192.168.1.15,172.217.7.4,0,0,0,0,0, 192.168.1.15,172.217.7.14,0,0,0,0,0, 192.168.1.15,172.217.10.98,0,0,0,0,0, 192.168.1.15,172.217.12.131,0,0,0,0,0, 192.168.1.15,169.48.173.166,0,0,0,0,0, 192.168.1.15,0.0.0.0,0,0,0,0,0, 192.168.1.15,0,0,0,0,0,0, 192.168.1.15,0,0,0,0,0,0, 192.168.1.15,0,0,0,0,0,0, 192.168.1.15,0,0,0,0,0,0, 192.168.1.15,0,0,0,0,0,0, 192.168.1.15,0,0,0,0,0,0, 192.168.1.15,0,0,0,0,0,0, 192.168.1.15,0,0,0,0,0,0, 192.168.1.15,0,0,0,0,0,0, 192.168.1.15,0,0,0,0,0,0, 192.168.1.15,0,0,0,0,0,0, 192.168.1.15,0.0.0.0,0,0,0,0,0,0,0,1,0,1533523492112,1533523489987,0.03522008392333985,734.1610000000002,3.5257799160766607,0.004850434713911527,true,50.504,q144p,144,3.9220525410653244,2.302585092994046,3.7376696182833684,7.980365765111246,10.829827620263284,0.004838709255880923
4.300000000000002,51,475,4871,654082, 192.168.1.15,74.125.172.60,QUIC,46,470,3292,653696, 192.168.1.15,172.217.10.22,0,0,0,0,0, 192.168.1.15,172.217.10.35,0,0,0,0,0, 192.168.1.15,172.217.12.129,0,0,0,0,0, 192.168.1.15,172.217.10.78,QUIC,3,4,1263,324, 192.168.1.15,172.217.11.35,0,0,0,0,0, 192.168.1.15,172.217.6.214,0,0,0,0,0, 192.168.1.15,172.217.7.19,0,0,0,0,0, 192.168.1.15,172.217.10.110,0,0,0,0,0, 192.168.1.15,172.217.11.2,QUIC,1,1,238,62, 192.168.1.15,172.217.12.196,0,0,0,0,0, 192.168.1.15,74.125.105.73,0,0,0,0,0, 192.168.1.15,172.217.10.46,0,0,0,0,0, 192.168.1.15,172.217.7.13,0,0,0,0,0, 192.168.1.15,172.217.10.38,0,0,0,0,0, 192.168.1.15,172.217.7.202,0,0,0,0,0, 192.168.1.15,172.217.7.238,0,0,0,0,0, 192.168.1.15,172.217.12.206,0,0,0,0,0, 192.168.1.15,172.217.12.195,0,0,0,0,0, 192.168.1.15,169.48.173.166,0,0,0,0,0, 192.168.1.15,0,0,0,0,0,0, 192.168.1.15,0,0,0,0,0,0, 192.168.1.15,0,0,0,0,0,0, 192.168.1.15,0,0,0,0,0,0, 192.168.1.15,0,0,0,0,0,0, 192.168.1.15,0.0.0.0,0,1,0,78,0,0,0,1,0,1533497122203,1533497118735,0.0349960114440918,579.741,6.972003988555907,0.012086431699672785,true,654.082,q720p,720,6.483232725860496,3.9512437185814275,6.16541785423142,8.491259809389733,13.390989533701761,0.012013974036177598
3.600000000000002,22,89,3330,122320, 192.168.1.15,173.194.185.199,QUIC,8,64,1124,89088, 192.168.1.15,172.217.6.246,0,0,0,0,0, 192.168.1.15,172.217.7.3,0,0,0,0,0, 192.168.1.15,172.217.7.1,QUIC,11,25,783,33232, 192.168.1.15,172.217.7.14,QUIC,3,0,1423,0, 192.168.1.15,172.217.12.131,0,0,0,0,0, 192.168.1.15,216.58.219.246,0,0,0,0,0, 192.168.1.15,172.217.10.46,0,0,0,0,0, 192.168.1.15,172.217.3.98,0,0,0,0,0, 192.168.1.15,172.217.10.131,0,0,0,0,0, 192.168.1.15,172.217.10.141,0,0,0,0,0, 192.168.1.15,172.217.7.4,0,0,0,0,0, 192.168.1.15,172.217.11.35,0,0,0,0,0, 192.168.1.15,172.217.10.110,0,0,0,0,0, 192.168.1.15,172.217.12.195,0,0,0,0,0, 192.168.1.15,172.217.10.42,0,0,0,0,0, 192.168.1.15,172.217.10.35,0,0,0,0,0, 192.168.1.15,169.48.173.166,0,0,0,0,0, 192.168.1.15,0,0,0,0,0,0, 192.168.1.15,0,0,0,0,0,0, 192.168.1.15,0,0,0,0,0,0, 192.168.1.15,0,0,0,0,0,0, 192.168.1.15,0,0,0,0,0,0, 192.168.1.15,0,0,0,0,0,0, 192.168.1.15,0,0,0,0,0,0, 192.168.1.15,0.0.0.0,0,0,0,0,0,0,0,1,0,1533519263143,1533519260192,0.05021995040893555,579.741,4.230780049591064,0.007384331968930953,true,122.32,q240p,240,4.8066405616208066,3.1354942159291497,4.499809670330265,8.11102783819368,11.714404015847485,0.007357201269146671
4.000000000000002,16,108,3586,143000, 192.168.1.15,173.194.31.105,QUIC,12,104,2052,142733, 192.168.1.15,172.217.11.35,0,0,0,0,0, 192.168.1.15,172.217.7.14,QUIC,3,3,1295,205, 192.168.1.15,172.217.10.131,0,0,0,0,0, 192.168.1.15,172.217.12.182,0,0,0,0,0, 192.168.1.15,172.217.12.142,0,0,0,0,0, 192.168.1.15,172.217.10.130,QUIC,1,1,239,62, 192.168.1.15,172.217.10.36,0,0,0,0,0, 192.168.1.15,173.194.150.106,0,0,0,0,0, 192.168.1.15,172.217.12.205,0,0,0,0,0, 192.168.1.15,172.217.7.10,0,0,0,0,0, 192.168.1.15,172.217.7.3,0,0,0,0,0, 192.168.1.15,172.217.11.46,0,0,0,0,0, 192.168.1.15,172.217.10.35,0,0,0,0,0, 192.168.1.15,172.217.10.134,0,0,0,0,0, 192.168.1.15,169.48.173.166,0,0,0,0,0, 192.168.1.15,0.0.0.0,0,0,0,0,0, 192.168.1.15,0,0,0,0,0,0, 192.168.1.15,0,0,0,0,0,0, 192.168.1.15,0,0,0,0,0,0, 192.168.1.15,0,0,0,0,0,0, 192.168.1.15,0,0,0,0,0,0, 192.168.1.15,0,0,0,0,0,0, 192.168.1.15,0,0,0,0,0,0, 192.168.1.15,0,0,0,0,0,0, 192.168.1.15,0.0.0.0,0,0,0,0,0,0,0,1,0,1533518614966,1533518611600,0.029791969482421875,576.841,4.8752080305175785,0.008503209723303302,true,143.0,q240p,240,4.962844630259907,2.833213344056216,4.6913478822291435,8.185071477532283,11.870606902224587,0.008467261077667916
3.9000000000000017,58,547,4159,742686, 192.168.1.15,74.125.0.24,QUIC,57,543,4089,742365, 192.168.1.15,172.217.10.35,0,0,0,0,0, 192.168.1.15,172.217.11.46,QUIC,1,4,70,321, 192.168.1.15,216.58.219.195,0,0,0,0,0, 192.168.1.15,172.217.10.45,0,0,0,0,0, 192.168.1.15,172.217.10.36,0,0,0,0,0, 192.168.1.15,172.217.11.35,0,0,0,0,0, 192.168.1.15,172.217.7.19,0,0,0,0,0, 192.168.1.15,172.217.3.98,0,0,0,0,0, 192.168.1.15,172.217.10.42,0,0,0,0,0, 192.168.1.15,172.217.10.46,0,0,0,0,0, 192.168.1.15,172.217.12.198,0,0,0,0,0, 192.168.1.15,172.217.12.131,0,0,0,0,0, 192.168.1.15,169.48.173.166,0,0,0,0,0, 192.168.1.15,0,0,0,0,0,0, 192.168.1.15,0,0,0,0,0,0, 192.168.1.15,0,0,0,0,0,0, 192.168.1.15,0,0,0,0,0,0, 192.168.1.15,0,0,0,0,0,0, 192.168.1.15,0,0,0,0,0,0, 192.168.1.15,0,0,0,0,0,0, 192.168.1.15,0,0,0,0,0,0, 192.168.1.15,0,0,0,0,0,0, 192.168.1.15,0,0,0,0,0,0, 192.168.1.15,0,0,0,0,0,0, 192.168.1.15,0.0.0.0,0,0,0,0,0,0,0,1,0,1533493813260,1533493809876,0.06450707438659667,634.601,9.068492925613402,0.014391720151717375,true,742.686,q720p,720,6.610273344356209,4.07753744390572,6.306275286948016,8.333270353255308,13.51802996980149,0.014289142356508456
3.4000000000000017,14,80,3265,105883, 192.168.1.15,74.125.0.24,QUIC,10,77,1935,105657, 192.168.1.15,172.217.12.131,0,0,0,0,0, 192.168.1.15,172.217.15.78,QUIC,3,3,1252,226, 192.168.1.15,172.217.10.42,0,0,0,0,0, 192.168.1.15,173.194.166.170,0,0,0,0,0, 192.168.1.15,172.217.7.4,0,0,0,0,0, 192.168.1.15,172.217.7.14,0,0,0,0,0, 192.168.1.15,172.217.10.35,0,0,0,0,0, 192.168.1.15,172.217.11.46,0,0,0,0,0, 192.168.1.15,172.217.10.109,0,0,0,0,0, 192.168.1.15,172.217.11.42,0,0,0,0,0, 192.168.1.15,172.217.12.162,0,0,0,0,0, 192.168.1.15,172.217.11.38,0,0,0,0,0, 192.168.1.15,172.217.12.195,0,0,0,0,0, 192.168.1.15,172.217.10.131,0,0,0,0,0, 192.168.1.15,169.48.173.166,0,0,0,0,0, 192.168.1.15,172.217.11.35,0,0,0,0,0, 192.168.1.15,0,0,0,0,0,0, 192.168.1.15,0,0,0,0,0,0, 192.168.1.15,0,0,0,0,0,0, 192.168.1.15,0,0,0,0,0,0, 192.168.1.15,0,0,0,0,0,0, 192.168.1.15,0,0,0,0,0,0, 192.168.1.15,0,0,0,0,0,0, 192.168.1.15,0,0,0,0,0,0, 192.168.1.15,0.0.0.0,0,1,0,78,0,0,0,1,0,1533524139572,1533524136632,0.03222006294250489,634.601,4.508779937057495,0.007155677346868348,true,105.883,q144p,144,4.6623347109204785,2.70805020110221,4.394449154672439,8.09132127353041,11.570099434244746,0.007130196968425923
3.0000000000000013,19,63,3410,79270, 192.168.1.15,173.194.61.72,QUIC,6,51,985,68690, 192.168.1.15,172.217.12.131,0,0,0,0,0, 192.168.1.15,172.217.11.35,0,0,0,0,0, 192.168.1.15,172.217.10.142,QUIC,2,0,1153,0, 192.168.1.15,216.58.219.214,0,0,0,0,0, 192.168.1.15,172.217.12.142,0,0,0,0,0, 192.168.1.15,172.217.10.131,0,0,0,0,0, 192.168.1.15,172.217.11.54,QUIC,6,6,687,4851, 192.168.1.15,172.217.10.132,TLSv1.2,5,5,585,5663, 192.168.1.15,172.217.12.202,0,0,0,0,0, 192.168.1.15,172.217.10.45,0,0,0,0,0, 192.168.1.15,172.217.10.130,0,0,0,0,0, 192.168.1.15,172.217.7.3,0,0,0,0,0, 192.168.1.15,169.48.173.166,0,0,0,0,0, 192.168.1.15,172.217.10.35,0,0,0,0,0, 192.168.1.15,0,0,0,0,0,0, 192.168.1.15,0,0,0,0,0,0, 192.168.1.15,0,0,0,0,0,0, 192.168.1.15,0,0,0,0,0,0, 192.168.1.15,0,0,0,0,0,0, 192.168.1.15,0,0,0,0,0,0, 192.168.1.15,0,0,0,0,0,0, 192.168.1.15,0,0,0,0,0,0, 192.168.1.15,0,0,0,0,0,0, 192.168.1.15,0,0,0,0,0,0, 192.168.1.15,0.0.0.0,0,0,1,0,66,0,0,1,0,1533514718637,1533514716072,0.030440990463256837,561.621,4.190559009536743,0.007515744603567175,true,79.27,q240p,240,4.372859746849064,2.995732273553991,4.1588830833596715,8.134760782418645,11.280627640864537,0.007487642114676057
4.200000000000001,41,373,3558,512026, 192.168.1.15,74.125.172.60,QUIC,39,368,3418,511640, 192.168.1.15,172.217.12.182,0,0,0,0,0, 192.168.1.15,172.217.12.195,0,0,0,0,0, 192.168.1.15,172.217.12.193,0,0,0,0,0, 192.168.1.15,172.217.12.174,QUIC,2,4,140,324, 192.168.1.15,172.217.10.35,0,0,0,0,0, 192.168.1.15,172.217.10.86,0,0,0,0,0, 192.168.1.15,74.125.168.9,0,0,0,0,0, 192.168.1.15,172.217.10.78,0,0,0,0,0, 192.168.1.15,172.217.10.98,QUIC,0,1,0,62, 192.168.1.15,172.217.11.36,0,0,0,0,0, 192.168.1.15,172.217.7.19,0,0,0,0,0, 192.168.1.15,172.217.12.205,0,0,0,0,0, 192.168.1.15,172.217.7.138,0,0,0,0,0, 192.168.1.15,172.217.10.46,0,0,0,0,0, 192.168.1.15,172.217.11.46,0,0,0,0,0, 192.168.1.15,104.237.191.1,0,0,0,0,0, 192.168.1.15,172.217.12.198,0,0,0,0,0, 192.168.1.15,172.217.15.67,0,0,0,0,0, 192.168.1.15,169.48.173.166,0,0,0,0,0, 192.168.1.15,0.0.0.0,0,0,0,0,0, 192.168.1.15,0,0,0,0,0,0, 192.168.1.15,0,0,0,0,0,0, 192.168.1.15,0,0,0,0,0,0, 192.168.1.15,0,0,0,0,0,0, 192.168.1.15,0.0.0.0,0,0,0,0,0,0,0,1,0,1533490220819,1533490216816,0.08299688746643066,579.741,7.49100311253357,0.013064454644401551,true,512.026,q1080p,1080,6.238375405000184,3.7376696182833684,5.924255797414532,8.177234885510194,13.146132637006236,0.012979850729473373
4.899999999999999,38,320,3977,439231, 192.168.1.15,173.194.61.41,QUIC,34,316,2440,438943, 192.168.1.15,172.217.10.35,0,0,0,0,0, 192.168.1.15,172.217.10.238,QUIC,3,3,1298,226, 192.168.1.15,172.217.12.131,0,0,0,0,0, 192.168.1.15,23.78.208.56,0,0,0,0,0, 192.168.1.15,172.217.3.98,QUIC,1,1,239,62, 192.168.1.15,172.217.11.42,0,0,0,0,0, 192.168.1.15,172.217.7.19,0,0,0,0,0, 192.168.1.15,173.194.167.8,0,0,0,0,0, 192.168.1.15,172.217.10.45,0,0,0,0,0, 192.168.1.15,172.217.11.46,0,0,0,0,0, 192.168.1.15,172.217.12.195,0,0,0,0,0, 192.168.1.15,172.217.10.134,0,0,0,0,0, 192.168.1.15,172.217.10.132,0,0,0,0,0, 192.168.1.15,172.217.10.46,0,0,0,0,0, 192.168.1.15,104.237.191.1,0,0,0,0,0, 192.168.1.15,172.217.7.3,0,0,0,0,0, 192.168.1.15,172.217.6.238,0,0,0,0,0, 192.168.1.15,169.48.173.166,0,0,0,0,0, 192.168.1.15,0,0,0,0,0,0, 192.168.1.15,0,0,0,0,0,0, 192.168.1.15,0,0,0,0,0,0, 192.168.1.15,0,0,0,0,0,0, 192.168.1.15,0,0,0,0,0,0, 192.168.1.15,0,0,0,0,0,0, 192.168.1.15,0.0.0.0,0,0,0,0,0,0,0,1,0,1533491560158,1533491556102,0.01741887602233887,617.8009999999998,10.11758112397766,0.016404958878344318,true,439.231,q1080p,1080,6.085025470582426,3.6635616461296463,5.771441123130016,8.288534459413917,12.992783026268306,0.016271851316929382
4.4,11,70,2001,96111, 192.168.1.15,74.125.172.60,QUIC,8,69,568,96048, 192.168.1.15,172.217.10.131,0,0,0,0,0, 192.168.1.15,172.217.6.238,QUIC,2,1,1195,63, 192.168.1.15,172.217.10.35,0,0,0,0,0, 192.168.1.15,172.217.12.182,0,0,0,0,0, 192.168.1.15,216.58.219.238,0,0,0,0,0, 192.168.1.15,172.217.12.195,0,0,0,0,0, 192.168.1.15,172.217.12.130,QUIC,1,0,238,0, 192.168.1.15,172.217.11.46,0,0,0,0,0, 192.168.1.15,172.217.11.36,0,0,0,0,0, 192.168.1.15,172.217.3.118,0,0,0,0,0, 192.168.1.15,172.217.10.141,0,0,0,0,0, 192.168.1.15,173.194.162.172,0,0,0,0,0, 192.168.1.15,172.217.10.6,0,0,0,0,0, 192.168.1.15,172.217.12.202,0,0,0,0,0, 192.168.1.15,172.217.12.206,0,0,0,0,0, 192.168.1.15,172.217.7.3,0,0,0,0,0, 192.168.1.15,169.48.173.166,0,0,0,0,0, 192.168.1.15,0,0,0,0,0,0, 192.168.1.15,0,0,0,0,0,0, 192.168.1.15,0,0,0,0,0,0, 192.168.1.15,0,0,0,0,0,0, 192.168.1.15,0,0,0,0,0,0, 192.168.1.15,0,0,0,0,0,0, 192.168.1.15,0,0,0,0,0,0, 192.168.1.15,0.0.0.0,0,0,0,0,0,0,0,1,0,1533534882322,1533534878201,0.030096083923339845,567.861,3.6069039160766603,0.006404736370344152,true,96.111,q480p,480,4.565503773525627,2.4849066497880004,4.2626798770413155,7.601901959875166,11.473269457089943,0.006384313203306587
3.5000000000000018,23,100,3439,138248, 192.168.1.15,74.125.172.60,QUIC,12,88,1427,121544, 192.168.1.15,172.217.10.118,0,0,0,0,0, 192.168.1.15,172.217.12.131,0,0,0,0,0, 192.168.1.15,172.217.7.1,QUIC,7,12,503,16704, 192.168.1.15,172.217.10.238,QUIC,2,0,1193,0, 192.168.1.15,172.217.12.206,0,0,0,0,0, 192.168.1.15,216.58.219.246,0,0,0,0,0, 192.168.1.15,172.217.10.131,0,0,0,0,0, 192.168.1.15,172.217.12.196,0,0,0,0,0, 192.168.1.15,172.217.12.194,QUIC,1,0,238,0, 192.168.1.15,172.217.11.35,0,0,0,0,0, 192.168.1.15,172.217.10.99,0,0,0,0,0, 192.168.1.15,172.217.12.138,0,0,0,0,0, 192.168.1.15,172.217.11.45,0,0,0,0,0, 192.168.1.15,172.217.10.46,0,0,0,0,0, 192.168.1.15,104.237.191.1,0,0,0,0,0, 192.168.1.15,172.217.12.195,0,0,0,0,0, 192.168.1.15,169.48.173.166,0,0,0,0,0, 192.168.1.15,0,0,0,0,0,0, 192.168.1.15,0,0,0,0,0,0, 192.168.1.15,0,0,0,0,0,0, 192.168.1.15,0,0,0,0,0,0, 192.168.1.15,0,0,0,0,0,0, 192.168.1.15,0,0,0,0,0,0, 192.168.1.15,0,0,0,0,0,0, 192.168.1.15,0.0.0.0,0,1,0,78,0,0,0,1,0,1533511303781,1533511300815,0.029055969482421874,579.741,6.210944030517577,0.01076342711659172,true,138.248,q360p,360,4.92904917375169,3.1780538303479458,4.61512051684126,8.143226750367445,11.836811686085365,0.010705913760764003
5.9999999999999964,26,204,2903,280018, 192.168.1.15,173.194.185.106,QUIC,23,201,1646,279792, 192.168.1.15,172.217.10.131,0,0,0,0,0, 192.168.1.15,172.217.12.142,QUIC,3,3,1257,226, 192.168.1.15,172.217.12.195,0,0,0,0,0, 192.168.1.15,172.217.12.132,0,0,0,0,0, 192.168.1.15,172.217.7.13,0,0,0,0,0, 192.168.1.15,172.217.12.134,0,0,0,0,0, 192.168.1.15,172.217.12.162,0,0,0,0,0, 192.168.1.15,172.217.10.106,0,0,0,0,0, 192.168.1.15,172.217.12.131,0,0,0,0,0, 192.168.1.15,172.217.12.206,0,0,0,0,0, 192.168.1.15,172.217.11.46,0,0,0,0,0, 192.168.1.15,169.48.173.166,0,0,0,0,0, 192.168.1.15,0,0,0,0,0,0, 192.168.1.15,0,0,0,0,0,0, 192.168.1.15,0,0,0,0,0,0, 192.168.1.15,0,0,0,0,0,0, 192.168.1.15,0,0,0,0,0,0, 192.168.1.15,0,0,0,0,0,0, 192.168.1.15,0,0,0,0,0,0, 192.168.1.15,0,0,0,0,0,0, 192.168.1.15,0,0,0,0,0,0, 192.168.1.15,0,0,0,0,0,0, 192.168.1.15,0,0,0,0,0,0, 192.168.1.15,0,0,0,0,0,0, 192.168.1.15,0.0.0.0,0,0,0,0,0,0,0,1,0,1533486203736,1533486200101,0.030940135421752925,734.1610000000002,12.177059864578247,0.016628505191640528,true,280.018,q720p,720,5.6348538868172975,3.295836866004329,5.3230099791384085,7.973844375944687,12.542612736992051,0.01649176536964709
4.899999999999999,56,640,4409,870970, 192.168.1.15,173.194.185.232,QUIC,53,635,3843,870587, 192.168.1.15,172.217.10.35,0,0,0,0,0, 192.168.1.15,172.217.10.110,QUIC,2,4,327,321, 192.168.1.15,172.217.10.54,0,0,0,0,0, 192.168.1.15,172.217.10.131,0,0,0,0,0, 192.168.1.15,172.217.10.2,QUIC,1,1,239,62, 192.168.1.15,172.217.10.14,0,0,0,0,0, 192.168.1.15,172.217.12.195,0,0,0,0,0, 192.168.1.15,172.217.12.132,0,0,0,0,0, 192.168.1.15,172.217.12.205,0,0,0,0,0, 192.168.1.15,172.217.12.138,0,0,0,0,0, 192.168.1.15,172.217.12.131,0,0,0,0,0, 192.168.1.15,172.217.12.134,0,0,0,0,0, 192.168.1.15,172.217.10.46,0,0,0,0,0, 192.168.1.15,104.237.191.1,0,0,0,0,0, 192.168.1.15,172.217.10.150,0,0,0,0,0, 192.168.1.15,172.217.7.3,0,0,0,0,0, 192.168.1.15,172.217.11.34,0,0,0,0,0, 192.168.1.15,169.48.173.166,0,0,0,0,0, 192.168.1.15,0.0.0.0,0,0,0,0,0, 192.168.1.15,0,0,0,0,0,0, 192.168.1.15,0,0,0,0,0,0, 192.168.1.15,0,0,0,0,0,0, 192.168.1.15,0,0,0,0,0,0, 192.168.1.15,0,0,0,0,0,0, 192.168.1.15,0.0.0.0,0,0,0,0,0,0,0,1,0,1533494483338,1533494480012,0.02201704196166992,501.021,15.992982958038333,0.03196472802537219,true,870.97,q720p,720,6.769607533090552,4.04305126783455,6.46302945692067,8.391629968440892,13.677363960217201,0.03146448820529233
4.300000000000002,18,132,3074,173786, 192.168.1.15,173.194.61.76,QUIC,13,127,1486,173400, 192.168.1.15,172.217.12.131,0,0,0,0,0, 192.168.1.15,172.217.12.129,0,0,0,0,0, 192.168.1.15,172.217.7.14,QUIC,3,4,1272,324, 192.168.1.15,172.217.10.54,0,0,0,0,0, 192.168.1.15,172.217.11.54,0,0,0,0,0, 192.168.1.15,173.194.50.23,0,0,0,0,0, 192.168.1.15,172.217.10.226,QUIC,1,1,238,62, 192.168.1.15,172.217.11.46,0,0,0,0,0, 192.168.1.15,172.217.10.35,0,0,0,0,0, 192.168.1.15,172.217.10.134,0,0,0,0,0, 192.168.1.15,172.217.7.10,0,0,0,0,0, 192.168.1.15,172.217.12.196,0,0,0,0,0, 192.168.1.15,172.217.12.206,0,0,0,0,0, 192.168.1.15,169.48.173.166,0,0,0,0,0, 192.168.1.15,23.78.202.254,0,0,0,0,0, 192.168.1.15,104.97.99.134,0,0,0,0,0, 192.168.1.15,172.217.7.13,0,0,0,0,0, 192.168.1.15,0,0,0,0,0,0, 192.168.1.15,0,0,0,0,0,0, 192.168.1.15,0,0,0,0,0,0, 192.168.1.15,0,0,0,0,0,0, 192.168.1.15,0,0,0,0,0,0, 192.168.1.15,0,0,0,0,0,0, 192.168.1.15,0,0,0,0,0,0, 192.168.1.15,0.0.0.0,0,1,0,78,0,0,0,1,0,1533490882921,1533490878776,0.13322393896484375,567.861,4.027776061035156,0.007327497398130878,true,173.78599999999997,q1080p,1080,5.157824657227742,2.9444389791664403,4.890349128221754,8.031060180240619,12.06558569039677,0.007300781715752764
4.000000000000002,3,23,1465,32016, 192.168.1.15,173.194.31.73,QUIC,0,23,0,32016, 192.168.1.15,172.217.7.3,0,0,0,0,0, 192.168.1.15,172.217.12.195,0,0,0,0,0, 192.168.1.15,172.217.10.46,QUIC,2,0,1226,0, 192.168.1.15,172.217.6.214,0,0,0,0,0, 192.168.1.15,172.217.11.46,0,0,0,0,0, 192.168.1.15,172.217.10.131,0,0,0,0,0, 192.168.1.15,172.217.3.98,QUIC,1,0,239,0, 192.168.1.15,172.217.12.131,0,0,0,0,0, 192.168.1.15,104.237.191.1,0,0,0,0,0, 192.168.1.15,172.217.12.196,0,0,0,0,0, 192.168.1.15,172.217.10.141,0,0,0,0,0, 192.168.1.15,172.217.11.38,0,0,0,0,0, 192.168.1.15,172.217.10.42,0,0,0,0,0, 192.168.1.15,172.217.10.142,0,0,0,0,0, 192.168.1.15,172.217.10.54,0,0,0,0,0, 192.168.1.15,172.217.10.35,0,0,0,0,0, 192.168.1.15,169.48.173.166,0,0,0,0,0, 192.168.1.15,172.217.12.194,0,0,0,0,0, 192.168.1.15,0,0,0,0,0,0, 192.168.1.15,0,0,0,0,0,0, 192.168.1.15,0,0,0,0,0,0, 192.168.1.15,0,0,0,0,0,0, 192.168.1.15,0,0,0,0,0,0, 192.168.1.15,0,0,0,0,0,0, 192.168.1.15,0.0.0.0,0,0,0,0,0,0,0,1,0,1533487548108,1533487544967,0.07321013542175292,501.021,4.1307898645782455,0.008390865851930357,true,32.016,q1080p,1080,3.4662357778413777,1.3862943611198906,3.1780538303479458,7.290292882446597,10.37402229071854,0.008355858230240551
4.6,32,397,3215,542376, 192.168.1.15,74.125.0.23,QUIC,31,397,2245,542376, 192.168.1.15,172.217.10.129,0,0,0,0,0, 192.168.1.15,172.217.10.35,0,0,0,0,0, 192.168.1.15,172.217.10.110,QUIC,1,0,970,0, 192.168.1.15,172.217.12.195,0,0,0,0,0, 192.168.1.15,172.217.12.214,0,0,0,0,0, 192.168.1.15,172.217.11.34,0,0,0,0,0, 192.168.1.15,172.217.11.4,0,0,0,0,0, 192.168.1.15,172.217.10.150,0,0,0,0,0, 192.168.1.15,172.217.12.202,0,0,0,0,0, 192.168.1.15,172.217.12.206,0,0,0,0,0, 192.168.1.15,172.217.7.19,0,0,0,0,0, 192.168.1.15,172.217.12.205,0,0,0,0,0, 192.168.1.15,172.217.12.131,0,0,0,0,0, 192.168.1.15,169.48.173.166,0,0,0,0,0, 192.168.1.15,0.0.0.0,0,0,0,0,0, 192.168.1.15,0,0,0,0,0,0, 192.168.1.15,0,0,0,0,0,0, 192.168.1.15,0,0,0,0,0,0, 192.168.1.15,0,0,0,0,0,0, 192.168.1.15,0,0,0,0,0,0, 192.168.1.15,0,0,0,0,0,0, 192.168.1.15,0,0,0,0,0,0, 192.168.1.15,0,0,0,0,0,0, 192.168.1.15,0,0,0,0,0,0, 192.168.1.15,0.0.0.0,0,0,0,0,0,0,0,1,0,1533489557611,1533489553625,0.057021179290771475,576.841,14.055978820709223,0.024466014031596227,true,542.376,q1080p,1080,6.295959487859613,3.4965075614664802,5.986452005284438,8.075893630298857,13.203716610579448,0.024171514922167965
3.700000000000002,22,187,2782,259389, 192.168.1.15,74.125.172.60,QUIC,19,187,1362,259389, 192.168.1.15,172.217.10.131,0,0,0,0,0, 192.168.1.15,172.217.12.142,QUIC,3,0,1420,0, 192.168.1.15,172.217.12.195,0,0,0,0,0, 192.168.1.15,172.217.10.238,0,0,0,0,0, 192.168.1.15,172.217.12.150,0,0,0,0,0, 192.168.1.15,172.217.10.132,0,0,0,0,0, 192.168.1.15,172.217.10.141,0,0,0,0,0, 192.168.1.15,172.217.10.35,0,0,0,0,0, 192.168.1.15,172.217.6.246,0,0,0,0,0, 192.168.1.15,172.217.3.98,0,0,0,0,0, 192.168.1.15,172.217.10.42,0,0,0,0,0, 192.168.1.15,172.217.12.198,0,0,0,0,0, 192.168.1.15,172.217.7.3,0,0,0,0,0, 192.168.1.15,172.217.12.131,0,0,0,0,0, 192.168.1.15,169.48.173.166,0,0,0,0,0, 192.168.1.15,172.217.10.99,0,0,0,0,0, 192.168.1.15,0,0,0,0,0,0, 192.168.1.15,0,0,0,0,0,0, 192.168.1.15,0,0,0,0,0,0, 192.168.1.15,0,0,0,0,0,0, 192.168.1.15,0,0,0,0,0,0, 192.168.1.15,0,0,0,0,0,0, 192.168.1.15,0,0,0,0,0,0, 192.168.1.15,0,0,0,0,0,0, 192.168.1.15,0.0.0.0,0,0,0,0,0,0,0,1,0,1533534227462,1533534224258,0.02846880354309082,579.741,5.309531196456909,0.009207559927622852,true,259.389,q480p,480,5.558328865431931,3.1354942159291497,5.236441962829949,7.931284761525891,12.466087999620234,0.009165428767036033
